title,intro,url,rating,star,star_time,comment,
陪你逐风飞翔,2021 / 中国大陆 / 剧情 爱情 运动 / 沙维琪 李才 Cai Li / 宋祖儿 王安宇,https://movie.douban.com/subject/35203355/,5.8,2,2021.12.10 《陪你逐风飞翔》🌟🌟 王安宇宋祖鹅好甜好甜🥰喜欢于冰凌x李密 坦荡对手 一路好友 人设都很好磕！（但剧情实在狗血 编剧有毒🙄️,,
爱很美味,2021 / 中国大陆 / 剧情 喜剧 爱情 / 陈正道 许肇任 / 李纯 张含韵,https://movie.douban.com/subject/35297263/,8.2,4,2021.12.20 《爱很美味》🌟🌟🌟🌟三个女孩子的成长，事业、家庭、爱情，当故事的时间轴足够长，没有结尾的结尾也可以很美丽。,,
八角亭谜雾,2021 / 中国大陆 / 犯罪 悬疑 家庭 / 王小帅 花箐 / 段奕宏 郝蕾,https://movie.douban.com/subject/35307435/,5.7,2,2021.10.24 《八角亭迷雾》🌟🌟悬疑探案❌ 神神叨叨家长里短✅,,
怒火·重案,2021 / 中国香港 中国大陆 / 动作 犯罪 / 陈木胜 / 甄子丹 谢霆锋,https://movie.douban.com/subject/30174085/,7.2,3,2021.10.09 《怒火·重案》🌟🌟🌟小谢☺️☺️☺️,,
鱿鱼游戏,2021 / 韩国 / 悬疑 惊悚 / 黄东赫 / 李政宰 朴海秀,https://movie.douban.com/subject/34812928/,7.6,3,2021.10.08 《鱿鱼游戏》🌟🌟🌟本以为输掉游戏只是被淘汰而已，没想到真的会被结束生命，第一集中的“放弃身体同意书”情节原来用在这里。每一次男主质问主办方时，总会被反问“你不是自愿回到这里的吗？”不禁想起游戏中断后选择放弃再次进入游戏而是面对现实生活的十几个人，他们还是依旧挣扎吗？,,
失控玩家,2021 / 美国 加拿大 / 喜剧 动作 科幻 / 肖恩·利维 / 瑞安·雷诺兹 朱迪·科默,https://movie.douban.com/subject/30337388/,7.5,4,"2021.10.03 《失控玩家》🌟🌟🌟🌟""We are friends.""  ""Friendship.""  Isn't that what they all say?🤣🤣🤣",,
傲骨之战 第三季,2019 / 美国 / 剧情 喜剧 / 罗伯特·金 弗雷德·托耶 布鲁克·肯尼迪 尼尔森·麦科米克 吉姆·麦凯 Tess Malone Félix Enríquez Alcalá / 克里斯汀·芭伦斯基 库什·珍宝,https://movie.douban.com/subject/34955892/,8.4,5,2019.09.29 《傲骨之战第三季》🌟🌟🌟🌟🌟豆瓣条目一度被删，终于回来啦。超爱Lucca！,,
摩登情爱 第二季,2021 / 美国 / 喜剧 爱情 / 约翰·卡尼 杰西·派瑞兹 玛尔塔·坎宁安 瑟琳·赫德 罗根·乔治 约翰·克劳利 安德鲁·兰内斯 / 明妮·德里弗 唐·威彻利,https://movie.douban.com/subject/34869760/,8.1,4,2021.09.06 《摩登情爱第二季》🌟🌟🌟🌟 遇见之外，学会成长，学会告别。,,
你是我的荣耀,2021 / 中国大陆 / 爱情 / 王之 / 迪丽热巴 杨洋,https://movie.douban.com/subject/33454980/,6.8,3,2021.08.17 《你是我的荣耀》🌟🌟🌟小甜剧。“你已经是看过最多星星的一只兔子啦”,,
傲骨之战 第五季,2021 / 美国 / 剧情 犯罪 / 布鲁克·肯尼迪 吉姆·麦凯 罗伯特·金 卡丽·普雷斯顿 / 克里斯汀·芭伦斯基 德尔罗伊·林多,https://movie.douban.com/subject/35069434/,9.4,5,2021.08.27 《傲骨之战》🌟🌟🌟🌟🌟很多个高光时刻：冲击国会大厦、COVID、远程办公、RBG去世、Diane深夜与想象中的RBG对谈、Zoom Meeting的猫猫头滤镜；以及贯穿全局的九又四分之三法庭和效仿它的community courts。荒诞又真实，神奇2020。,,
叛逆者,2021 / 中国大陆 / 剧情 悬疑 / 周游 / 朱一龙 童瑶,https://movie.douban.com/subject/34949767/,7.8,3,2021.06.27 《叛逆者》🌟🌟🌟呜呜呜呜左秋明😭,,
致命女人 第二季,2021 / 美国 / 剧情 喜剧 犯罪 / 大卫·沃伦 詹妮弗·盖辛格 伊娃·朗格利亚 拉里·肖 乔安娜·科恩斯 梅勒妮·梅隆 / 艾莉森·托尔曼 拉娜·帕瑞娅,https://movie.douban.com/subject/34859070/,7.4,3,2021.07.30 《致命女人第二季》🌟🌟🌟杀疯了的Alma得到她想象中的关注。被这样“看到”，实在可悲。,,
觉醒年代,2021 / 中国大陆 / 剧情 历史 / 张永新 / 于和伟 张桐,https://movie.douban.com/subject/30228394/,9.3,5,2021.07.20 《觉醒年代》🌟🌟🌟🌟🌟鲁迅、李大钊，星光熠熠，风云激荡。延年、乔年、赵世炎，回眸时还是少年。,,
唐人街探案3,2021 / 中国大陆 中国香港 日本 / 喜剧 悬疑 / 陈思诚 / 王宝强 刘昊然,https://movie.douban.com/subject/27619748/,5.3,1,2021.02.18 《唐人街探案3》🌟低俗。既不讲推理，也毫不搞笑。还我时间！,,
你好，李焕英,2021 / 中国大陆 / 剧情 喜剧 奇幻 / 贾玲 / 贾玲 张小斐,https://movie.douban.com/subject/34841067/,7.8,5,2021.02.13 《你好，李焕英》🌟🌟🌟🌟🌟她事事知晓，却默不作声。只看着你逗她开心，说你来她很高兴😭,,
贝尔戈维亚,2020 / 英国 / 剧情 / 约翰·亚历山大 / 塔姆辛·格雷格 哈丽特·瓦尔特,https://movie.douban.com/subject/26701184/,8.2,3,2020.12.13 《贝尔戈维亚》🌟🌟🌟以为会是充满怨怼的故事，结尾却意外地伤感和浪漫。,,
波斯语课,2020 / 俄罗斯 德国 白俄罗斯 / 剧情 / 瓦迪姆·佩尔曼 / 纳威尔·佩雷兹·毕斯卡亚特 拉斯·艾丁格,https://movie.douban.com/subject/30466931/,8.1,5,2021.01.31 《波斯语课》🌟🌟🌟🌟🌟德国军官形象塑造出彩。真正波斯人出现时为犹太男主角捏一把汗，然而危机顺利被解决，因此才有了后面德国军官念着无辜丧生的犹太人的名字祈求过关的讽刺场面。,,
隐秘而伟大,2020 / 中国大陆 / 剧情 / 王伟 / 李易峰 金晨,https://movie.douban.com/subject/27663998/,8.0,4,2020.11.30 《隐秘而伟大》🌟🌟🌟🌟二队队长很有戏；不可说演愣头愣脑的菜鸟警员居然也蛮搭。,,
令人心动的offer 第二季,2020 / 中国大陆 / 真人秀 / 陈平 / 何炅 撒贝宁,https://movie.douban.com/subject/35008143/,7.3,5,2021.01.07 《令人心动的offer第二季》🌟🌟🌟🌟🌟私心给五星！好喜欢秋怡，温柔内敛又坚韧，沉静却有力量。,,
布鲁克林,2015 / 英国 加拿大 爱尔兰 / 剧情 爱情 / 约翰·克劳利 / 西尔莎·罗南 多姆纳尔·格里森,https://movie.douban.com/subject/10741220/,7.9,4,2020.09.26 《布鲁克林》🌟🌟🌟🌟都市童话。,,
酒会,2017 / 英国 / 剧情 喜剧 / 莎莉·波特 / 基里安·墨菲 艾米莉·莫迪默,https://movie.douban.com/subject/26710371/,7.3,2,2020.09.22 《酒会》🌟🌟一盆狗血。,,
三十而已,2020 / 中国大陆 / 剧情 家庭 / 张晓波 / 江疏影 童瑶,https://movie.douban.com/subject/26608230/,6.6,3,2020.08.03 《三十而已》🌟🌟🌟看完大结局，真是一地鸡毛。2020.07.18 昨天好朋友给我送行，这是我们疫情以来第一次面对面聊很长时间的天，聊到她不想为了买政府组屋而草率成家，其实这座城市这个国家并没有很对我胃口，但因为有这样能聊聊日常的朋友，离别前夕突然觉得好不舍得。,,
沉默的真相,2020 / 中国大陆 / 剧情 犯罪 悬疑 / 陈奕甫 / 廖凡 白宇,https://movie.douban.com/subject/33447642/,9.1,5,2021.12.05 《沉默的真相》🌟🌟🌟🌟🌟 我想要成长为怎样的大人？,,
谁是被害者 第一季,2020 / 中国台湾 / 犯罪 悬疑 / 庄绚维 陈冠仲 / 张孝全 许玮甯,https://movie.douban.com/subject/34930834/,8.0,3,2020.06.19 《谁是被害者第一季》🌟🌟🌟哎。既然选择组建家庭，还是要承担起大众意义上身为丈夫和父亲的责任。,,
隐秘的角落,2020 / 中国大陆 / 剧情 犯罪 悬疑 / 辛爽 / 秦昊 王景春,https://movie.douban.com/subject/33404425/,8.8,5,2020.06.19 《隐秘的角落》🌟🌟🌟🌟🌟原著里未成年人犯罪被淡化，现实中关于降低刑事责任年龄的争论不休，可社会教育和家庭教育的缺失也值得被关注，希望每个小孩子都被温柔呵护。小演员们演技真赞，秦昊摘下假发片那一刻有被吓到。,,
十日游戏,2020 / 中国大陆 / 爱情 犯罪 悬疑 / 臧溪川 / 朱亚文 金晨,https://movie.douban.com/subject/26986843/,7.1,3,2020.06.05 《十日游戏》🌟🌟🌟二十年前三兄弟入室谋杀后，胆小的老二偶然发现这户人家幸存的女婴，将她抚养长大，为了帮她脱罪而策划绑架案，却在与老大打斗时看到她自杀的画面瞬间卸去防备被刺死；老三将凶器一藏就是二十年，在兄弟反目，老大威胁老二时又拿出来，牺牲了自己。都是忠于信义的人，结局早已写好。,,
传闻中的陈芊芊,2020 / 中国大陆 / 喜剧 爱情 奇幻 / 查传谊 / 赵露思 丁禹兮,https://movie.douban.com/subject/34463197/,7.3,3,2020.06.02 《传闻中的陈芊芊》🌟🌟🌟设定有趣！心有猛虎，细嗅蔷薇。,,
公关 第二季,2020 / 英国 / 喜剧 / 史蒂芬·莫耶 / 安娜·帕奎因 瑞贝卡·本森,https://movie.douban.com/subject/34782742/,8.4,3,2021.09.29 《公关第二季》🌟🌟🌟 好喜欢Eve。,,
向往的生活 第四季,2020 / 中国大陆 / 真人秀 / 陈格洲 / 何炅 黄磊,https://movie.douban.com/subject/34861173/,6.9,2,2020.08.03 《向往的生活第四季》🌟非常无聊......快乐家族和心火烧都没办法让我笑一笑。,,
傲骨之战 第四季,2020 / 美国 / 剧情 / 布鲁克·肯尼迪 凯文·罗德尼·沙利文 / 克里斯汀·芭伦斯基 库什·珍宝,https://movie.douban.com/subject/33423261/,9.4,5,2020.05.30 《傲骨之战第四季》🌟🌟🌟🌟🌟让Diane做Pro Bono的head果然是一开局就埋下的伏笔……看到第七集Diane在法庭上为Julius辩护，走出法庭后跟他说要fight，真是好精彩的一季！,,
暗恋·橘生淮南,2021 / 中国大陆 / 爱情 / 李木戈 / 胡一天 胡冰卿,https://movie.douban.com/subject/26266920/,4.6,2,2021.02.20 《暗恋 橘生淮南》🌟🌟二熊笔下的男主在改编影视剧中，都是大难临头各自飞。然后编剧大手一挥，几年过去，忽然福至心灵，衣锦还乡。但喜欢结尾，想起二熊书中的标题——「他们问 后来呢？」,,
宠爱,2019 / 中国大陆 / 剧情 喜剧 爱情 / 杨子 / 于和伟 吴磊,https://movie.douban.com/subject/33417046/,5.9,2,2020.01.07 《宠爱》🌟🌟永远无法抵御毛茸茸的小狗。,,
唐人街探案,2020 / 中国大陆 / 犯罪 悬疑 惊悚 / 柯汶利 戴墨 姚文逸 来牧宽 / 邱泽 张钧甯,https://movie.douban.com/subject/30354606/,7.1,2,2020.01.19 《唐人街探案》🌟🌟装神弄鬼。,,
想见你,2019 / 中国台湾 / 爱情 悬疑 奇幻 / 黄天仁 / 柯佳嬿 许光汉,https://movie.douban.com/subject/30468961/,9.2,5,2020.02.18 《想见你》🌟🌟🌟🌟🌟柯佳嬿一人扮三角（雨萱、韵如、有雨萱灵魂的韵如），演技太赞；许光汉少年气满满。喜欢OST；剧组的彩蛋也好用心xxx,,
哪吒之魔童降世,2019 / 中国大陆 / 剧情 喜剧 动画 / 饺子 / 吕艳婷 囧森瑟夫,https://movie.douban.com/subject/26794435/,8.4,4,2019.12.31 《哪吒之魔童降世》🌟🌟🌟🌟哪吒太可爱了！李靖和殷夫人的亲情，敖丙的友情，太乙的师生情，哪吒是不一样，但他不孤独。PS大爱四川口音哈哈哈哈:D,,
傲骨贤妻 第六季,2014 / 美国 / 剧情 / 罗伯特·金 / 朱丽安娜· 玛格丽丝 马特·朱克瑞,https://movie.douban.com/subject/25846032/,9.2,4,2019.12.31 《傲骨贤妻第六季》🌟🌟🌟🌟很看不懂这一季的Alicia。,,
蒙太奇,2013 / 韩国 / 剧情 犯罪 惊悚 / 郑根燮 / 金相庆 严正化,https://movie.douban.com/subject/21937438/,8.2,4,2019.12.29 《蒙太奇》🌟🌟🌟🌟追诉期内整整十五年都没有破的案子，太绝望了。,,
误杀瞒天记,2015 / 印度 / 剧情 犯罪 悬疑 / 尼西卡特·卡马特 / 阿贾耶·德乌干 塔布,https://movie.douban.com/subject/26419637/,8.6,4,2019.12.29 《误杀瞒天记》🌟🌟🌟🌟埋尸警察局👍,,
傲骨贤妻 第七季,2015 / 美国 / 剧情 悬疑 / 布鲁克·肯尼迪 / 朱丽安娜· 玛格丽丝 克里斯汀·芭伦斯基,https://movie.douban.com/subject/26387804/,9.2,5,2019.12.27 《傲骨贤妻第七季》🌟🌟🌟🌟🌟太喜欢Lucca和Marissa。从第五季开始爱上Cary。永远的白月光Will，但凡未得到，总是最登对。I will love you forever.,,
误杀,2019 / 中国大陆 / 剧情 犯罪 悬疑 / 柯汶利 / 肖央 谭卓,https://movie.douban.com/subject/30176393/,7.5,3,2019.12.29 《误杀》🌟🌟🌟结尾真的像吞......一样。,,
82年生的金智英,2019 / 韩国 / 剧情 / 金度英 / 郑有美 孔刘,https://movie.douban.com/subject/30327842/,8.6,5,2019.12.06 《82年生的金智英》🌟🌟🌟🌟🌟好压抑。无论是职业女性还是全职妈妈，都接受着来自社会的偏见。,,
告密者,2010 / 加拿大 德国 / 剧情 传记 犯罪 / 拉尔沙·康达基 / 蕾切尔·薇兹 罗克珊娜·康杜拉切,https://movie.douban.com/subject/3346527/,7.7,4,2019.12.05 《告密者》🌟🌟🌟🌟触目惊心。,,
少年的你,2019 / 中国大陆 中国香港 / 剧情 爱情 犯罪 / 曾国祥 / 周冬雨 易烊千玺,https://movie.douban.com/subject/30166972/,8.2,3,2019.11.30 《少年的你》🌟🌟🌟没有经历过校园暴力的小孩子大概都很难想象陈念的绝望。女警官一味指责受害者为什么诉诸私力而不是报警，真的应该反思对未成年人受害者的保护是否到位。,,
摩登情爱 第一季,2019 / 美国 / 喜剧 爱情 / 约翰·卡尼 埃米·罗森 汤姆·豪尔 莎朗·豪根 / 安妮·海瑟薇 安德鲁·斯科特,https://movie.douban.com/subject/30385409/,8.8,5,2019.10.25 《摩登情爱第一季》🌟🌟🌟🌟🌟安妮海瑟薇好美，这集看到泣不成声。喜欢每一个故事，喜欢结尾，喜欢summer storm。,,
难以置信,2019 / 美国 / 剧情 犯罪 / 丽莎·查罗登科 迈克尔·丁纳 苏珊娜·格兰特 / 梅里特·韦弗 托妮·科莱特,https://movie.douban.com/subject/30122641/,9.2,4,2019.10.28 《难以置信》🌟🌟🌟🌟片尾罪犯讲到他在华盛顿的第一起作案是留有最多破绽的，警察们本可以在这时就锁定他。可当时警察们在做什么呢，一遍一遍让Marie复述被侵犯的细节，听到寄养家庭妈妈的只言片语就预设Marie是在说谎。全程没有专业机构介入关心她的心理健康，也没有像两位女警察一样在调查取证过程中给予Marie应有的关怀。真是一声叹息又一声叹息，有那么多线索都被忽视，世界上最难过的词语就是“本可以”。,,
护法为民 第二季,2019 / 美国 / 剧情 / 汤姆·维里卡 / 霍普·戴维斯 本·申克曼,https://movie.douban.com/subject/30220336/,8.3,4,2019.10.22 《护法为民第二季》🌟🌟🌟🌟我可真是太爱Littlejohn和Leonard啦！Seth和Jay也是两个小可爱！,,
护法为民 第一季,2018 / 美国 / 剧情 / 汤姆·维里卡 / 布丽特·罗伯森 霍普·戴维斯,https://movie.douban.com/subject/27034846/,7.9,4,2019.10.21 《护法为民第一季》🌟🌟🌟🌟喜欢Jay面对Littlejohn时的局促；喜欢Sandra和Allison的友情；喜欢Sandra和Littlejohn初次对峙前默默搜对方履历；喜欢Littlejohn和Leonard没说出口的那些话。以及我真的很能get到Tina每天早晨穿过布鲁克林大桥又走回来xxxD,,
罪有可辩,2019 / 英国 / 喜剧 / 汤姆·乔治 / 福田知盛 凯瑟琳·帕金森,https://movie.douban.com/subject/30226522/,8.5,4,2019.10.20 《罪有可辩》🌟🌟🌟🌟另一个世界的pupil日常。,,
真相捕捉 第一季,2019 / 英国 美国 / 悬疑 惊悚 / 本·切南 / 荷丽黛·格兰杰 卡勒姆·特纳,https://movie.douban.com/subject/30305530/,8.9,5,2019.10.28 《真相捕捉第一季》🌟🌟🌟🌟🌟超好看！从一段技术上有缺陷不能作为定罪依据的视频开始，引出了整个视频可以被剪辑、监控可以被侵入、动态可以被捏造的故事。无处不在可以联网的监控摄像头，是否还能让我们确信眼见为实，在没有证人的情况下，监控视频真的可以定罪量刑吗？,,
致命女人 第一季,2019 / 美国 / 剧情 喜剧 犯罪 / 大卫·格罗斯曼 刘玉玲 马克·韦布 大卫·沃伦 伊丽莎白·艾伦 瓦莱丽·韦斯 道恩·威尔金森 / 刘玉玲 金妮弗·古德温,https://movie.douban.com/subject/30401122/,9.4,4,2019.10.17 《致命女人第一季》🌟🌟🌟🌟三个时空的故事都很精彩。,,
小欢喜,2019 / 中国大陆 / 剧情 家庭 / 汪俊 / 黄磊 海清,https://movie.douban.com/subject/26946624/,8.3,4,2019.08.27 《小欢喜》🌟🌟🌟🌟编剧黄老师颠覆了我对国内生活剧的看法。孩子和家长一起成长，即使有过风雨，依然可以活得幸福欢喜。,,
李尔王,2018 / 英国 / Jonathan Munby / 伊恩·麦克莱恩 乔纳森·贝利,https://movie.douban.com/subject/30256023/,9.1,5,2019.07.28 《李尔王》🌟🌟🌟🌟🌟RT Live @Esplanade SG. Ian演得太好了！结束时全场掌声雷动。,,
战马,2014 / 英国 / 戏曲 / Marianne Elliott / Nigel Allen Derek Mlade,https://movie.douban.com/subject/25768090/,9.1,4,2019.07.27 《战马》🌟🌟🌟🌟RT Live @Esplanade SG. 小马栩栩如生，灯光投影太赞。看到哽咽。,,
一个母亲的复仇,2017 / 印度 / 剧情 犯罪 / 拉维·德耶瓦尔 / 诗丽黛玮 阿克夏耶·坎纳,https://movie.douban.com/subject/26996734/,6.8,2,2019.06.25 《一个母亲的复仇》🌟🌟看到继母处理掉第一人后弃掉……对现实案件的改编太过苍白。想反思什么？想警示什么？太浮于表面了。,,
小妇人,2019 / 美国 / 剧情 爱情 / 格蕾塔·葛韦格 / 西尔莎·罗南 艾玛·沃森,https://movie.douban.com/subject/26348103/,8.0,5,2021.10.04 《小妇人》🌟🌟🌟🌟🌟镜头对比出温馨的少女时光和艰辛的成长岁月，还是好喜欢Jo全家。片中Jo拒绝Laurie时背景的壮阔秋色，层林尽染，万山红遍，是否预示着Jo的未来，也将如活在山野般那样自由？,,
暗恋橘生淮南,2019 / 中国大陆 / 剧情 爱情 / 丁培 八月长安 / 朱颜曼滋 赵顺然,https://movie.douban.com/subject/26811775/,6.6,3,2019.07.28 《暗恋橘生淮南》🌟🌟🌟1.5倍速看完前八集。朱颜曼滋完全就是我心中的洛枳，张明瑞也十分可爱，只是男主让人出戏。,,
流浪猫鲍勃,2016 / 英国 / 剧情 喜剧 传记 / 罗杰·斯波蒂斯伍德 / 卢克·崔德威 猫鲍勃,https://movie.douban.com/subject/26685451/,7.9,3,2019.06.01 《流浪猫鲍勃》🌟🌟🌟鲍勃本勃真的非常有范儿！熟悉的城市，那些街头无家可归的人，有狗狗陪伴是不是也算一种安慰？,,
新职员诞生记：好人,2019 / 韩国 / 真人秀 / 姜虎东 李寿根,https://movie.douban.com/subject/30463323/,9.4,4,2019.06.02 《新职员诞生记：好人》🌟🌟🌟🌟很喜欢蔡律师和权律师。小林小李两位实习生毫无疑问最出众，可是我还是最喜欢多京和周美>3<,,
破冰行动,2019 / 中国大陆 / 剧情 犯罪 悬疑 / 傅东育 刘璋牧 李理 / 黄景瑜 吴刚,https://movie.douban.com/subject/27052168/,6.8,3,2019.05.26 《破冰行动》🌟🌟🌟达康书记和言侯爷👍李飞：一位非常赶客的男主角。,,
向往的生活 第三季,2019 / 中国大陆 / 真人秀 / 陈格洲 / 黄磊 何炅,https://movie.douban.com/subject/30441625/,7.3,3,2019.07.28 《向往的生活第三季》🌟🌟🌟🌟终于集齐了彭彭和子枫两兄妹🤣,,
我不是潘金莲,2016 / 中国大陆 / 剧情 喜剧 / 冯小刚 / 范冰冰 郭涛,https://movie.douban.com/subject/26630781/,6.7,3,2019.04.18 《我不是潘金莲》🌟🌟🌟“拖了十多年。我们究竟是想帮助她，还是怕丢了自己的帽子？” 真是荒诞。,,
我们与恶的距离,2019 / 中国台湾 / 剧情 / 林君阳 / 贾静雯 温升豪,https://movie.douban.com/subject/30181230/,9.4,4,2019.04.17 《我们与恶的距离》🌟🌟🌟🌟立意很高，叙述却能扎实落地。以新闻媒体为中心、以社会事件为线索，串联起死刑罪犯家庭、记者家庭、精神科医生家庭、精神病患家庭，对于被告人人权和死刑意义进行探讨，非常精彩。结局治愈。,,
公关 第一季,2019 / 英国 / 喜剧 / 彼得·卡坦纽 乔治·凯恩 / 安娜·帕奎因 莉迪亚·威尔逊,https://movie.douban.com/subject/30395072/,8.5,4,2019.05.26 《公关第一季》🌟🌟🌟🌟三位职场女性魅力无穷。,,
摘金奇缘,2018 / 美国 / 喜剧 爱情 / 朱浩伟 / 吴恬敏 亨利·戈尔丁,https://movie.douban.com/subject/26786642/,6.0,2,2019.04.11 《摘金奇缘》🌟🌟坡县爱情故事。,,
创造营2019,2019 / 中国大陆 / 歌舞 真人秀 / 孙莉 / 迪丽热巴 郭富城,https://movie.douban.com/subject/30373781/,5.5,2,2019.05.26 《创造营2019》🌟🌟提前下岛啦！这个夏天认识了一位非常棒的小朋友，即使不能成团，也一定会拥有属于自己的精彩未来。,,
社交网络,2010 / 美国 / 剧情 传记 / 大卫·芬奇 / 杰西·艾森伯格 安德鲁·加菲尔德,https://movie.douban.com/subject/3205624/,8.2,4,2019.03.27 《社交网络》🌟🌟🌟🌟很精彩的叙事。Armie真帅:D,,
商海通牒,2011 / 美国 / 剧情 / J·C·尚多尔 / 凯文·史派西 保罗·贝坦尼,https://movie.douban.com/subject/4888853/,7.9,3,2019.03.26 《商海通牒》🌟🌟🌟群戏👍,,
大而不倒,2011 / 美国 / 剧情 传记 历史 / 柯蒂斯·汉森 / 詹姆斯·伍兹 约翰·赫德,https://movie.douban.com/subject/6013501/,8.3,4,2019.03.26 《大而不倒》🌟🌟🌟🌟监管者视角下的GFC。,,
监守自盗,2010 / 美国 / 犯罪 纪录片 / 查尔斯·弗格森 / 马特·达蒙 Gylfi Zoega,https://movie.douban.com/subject/4843480/,8.8,4,2019.03.26 《监守自盗》🌟🌟🌟🌟‘It is a Wall Street government.’,,
一条狗的回家路,2019 / 中国大陆 美国 / 剧情 冒险 / 查尔斯·马丁·史密斯 / 艾什莉·贾德 乔纳·豪尔-金,https://movie.douban.com/subject/27193043/,6.9,4,2019.03.20 《一条狗的回家路》🌟🌟🌟🌟过于幸运的回家路。然而本狗党就是吃这一套T_T 我的乐乐也曾经这样跌跌撞撞找回家😭,,
一个明星的诞生,2018 / 美国 / 剧情 爱情 音乐 / 布莱德利·库珀 /  布莱德利·库珀,https://movie.douban.com/subject/4058933/,7.4,3,2019.03.20 《一个明星的诞生》🌟🌟🌟赞OST。,,
傲骨贤妻 第五季,2013 / 美国 / 剧情 悬疑 犯罪 / 罗伯特·金 / 朱丽安娜· 玛格丽丝 克里斯·诺斯,https://movie.douban.com/subject/23055586/,9.3,5,2019.03.13 《傲骨贤妻第五季》🌟🌟🌟🌟🌟百感交集的一季。为Will的荒诞离世；为Diane和K姐的那句‘I liked him’；为Cary。,,
傲骨贤妻 第四季,2012 / 美国 / 剧情 / 布鲁克·肯尼迪 / 朱丽安娜· 玛格丽丝 艾伦·卡明,https://movie.douban.com/subject/10549253/,9.2,4,2019.03.13 《傲骨贤妻第四季》🌟🌟🌟🌟喜欢K姐。,,
黑镜 第二季,2013 / 英国 / 剧情 科幻 惊悚 / 欧文·哈里斯 / 海莉·阿特维尔 多姆纳尔·格里森,https://movie.douban.com/subject/11502153/,9.2,4,2019.03.13 《黑镜第二季》🌟🌟🌟🌟第一集看到心碎。,,
法律与秩序：特殊受害者 第一季,1999 / 美国 / 剧情 犯罪 悬疑 / 让·德塞贡扎克 / 克里斯托弗·米洛尼 玛莉丝卡·哈吉塔,https://movie.douban.com/subject/1428365/,8.8,4,2019.03.13 《法律与秩序：特殊受害者第一季》🌟🌟🌟🌟江湖险恶。,,
摩登家庭 第四季,2012 / 美国 / 喜剧 家庭 / 斯蒂文·莱维坦 / 艾德·奥尼尔 索菲娅·维加拉,https://movie.douban.com/subject/10748074/,9.6,4,2019.03.13 《摩登家庭第四季》🌟🌟🌟🌟成长和告别。,,
摩登家庭  第三季,2011 / 美国 / 喜剧 家庭 / 杰森·维纳 / 艾德·奥尼尔 索菲娅·维加拉,https://movie.douban.com/subject/6729121/,9.6,5,2019.03.13 《摩登家庭第三季》🌟🌟🌟🌟🌟Lily可爱！,,
摩登家庭 第一季,2009 / 美国 / 喜剧 家庭 / Jason Winer / 阿芮尔·温特 艾德·奥尼尔,https://movie.douban.com/subject/3754382/,9.5,5,2019.03.13 《摩登家庭第一季》🌟🌟🌟🌟🌟讲英语的Gloria就是学了四年西语后再讲英语的我🤣,,
摩登家庭 第二季,2010 / 美国 / 喜剧 家庭 / Jason Winer / 艾德·奥尼尔 索菲娅·维加拉,https://movie.douban.com/subject/4904662/,9.6,5,2019.03.13 《摩登家庭第一季》🌟🌟🌟🌟🌟喜欢小正太时期的Luke。,,
黑镜 第一季,2011 / 英国 / 剧情 科幻 惊悚 / Otto Bathurst 尤洛斯·林 Brian Welsh / 罗里·金尼尔 鲁伯特·艾弗雷特,https://movie.douban.com/subject/7054120/,9.4,5,2019.03.13 《黑镜第一季》🌟🌟🌟🌟🌟每一集都看得目瞪口呆。,,
恰同学少年,2007 / 中国大陆 / 剧情 传记 历史 / 龚若飞 嘉娜·沙哈提 / 谷智鑫 钱枫,https://movie.douban.com/subject/2148367/,9.0,4,2019.03.10 《恰同学少年》🌟🌟🌟🌟风华正茂。,,
密战,2009 / 中国大陆 / 悬疑 / 穆德远 / 刘佳 王策,https://movie.douban.com/subject/4058882/,7.9,3,2019.03.10 《密战》🌟🌟🌟初中时有一次考英语，还没下课时CD匆匆交卷子走人，有人问她提早交卷一定很有把握吧，她答“我着急回家看密战”🤣,,
幸福三重奏 第一季,2018 / 中国大陆 / 真人秀 / 李睿 张航希 / 徐熙媛 汪小菲,https://movie.douban.com/subject/30253587/,7.2,3,2019.03.10 《幸福三重奏第一季》🌟🌟🌟和越越一起看的(˶‾᷄ ⁻̫ ‾᷅˵)陈老师莫名搞笑。,,
大饭店 第一季,2011 / 西班牙 / 剧情 悬疑 / 西尔维亚·奎尔 / 荣·冈萨雷斯 阿玛雅·萨拉曼卡,https://movie.douban.com/subject/20391427/,8.5,3,2019.03.10 《大饭店第一季》🌟🌟🌟男主太帅，严重影响练听力的初衷。,,
都挺好,2019 / 中国大陆 / 剧情 家庭 / 简川訸 / 姚晨 倪大红,https://movie.douban.com/subject/27088993/,7.7,3,2019.03.25 《都挺好》🌟🌟🌟倪大红和郭京飞：一对儿狂野父子！,,
波西米亚狂想曲,2018 / 英国 美国 / 剧情 传记 同性 / 布莱恩·辛格 / 拉米·马雷克 本·哈迪,https://movie.douban.com/subject/5300054/,8.7,5,2019.03.18 《波西米亚狂想曲》🌟🌟🌟🌟🌟相逢的人会再相逢。为音乐感动。,,
过春天,2018 / 中国大陆 / 剧情 / 白雪 / 黄尧 孙阳,https://movie.douban.com/subject/27191431/,7.7,3,2019.04.17 《过春天》🌟🌟🌟像是在饭桌上讲一则社会新闻。,,
绿皮书,2018 / 美国 中国大陆 / 剧情 喜剧 传记 / 彼得·法雷里 / 维果·莫腾森 马赫沙拉·阿里,https://movie.douban.com/subject/27060077/,8.9,5,2019.03.04 《绿皮书》🌟🌟🌟🌟🌟同想吃炸鸡。,,
最美的时光,2013 / 中国大陆 / 剧情 爱情 / 曾丽珍 / 钟汉良 张钧甯,https://movie.douban.com/subject/10558417/,7.0,3,2019.02.28 《最美的时光》🌟🌟🌟小哇是我心目中的陆励成本成。,,
2001太空漫游,1968 / 英国 美国 / 科幻 惊悚 冒险 / 斯坦利·库布里克 / 凯尔·杜拉 加里·洛克伍德,https://movie.douban.com/subject/1292226/,8.9,4,2019.02.21 《2001太空漫游》🌟🌟🌟🌟🌟五十年前能对太空有这样的想象，好神奇。,,
源代码,2011 / 美国 加拿大 / 科幻 悬疑 惊悚 / 邓肯·琼斯 / 杰克·吉伦哈尔 维拉·法米加,https://movie.douban.com/subject/3075287/,8.5,5,2019.03.19 《源代码》🌟🌟🌟🌟🌟还好不是无休止的八分钟，还好在另一个世界还有无数可能。,,
浪潮,2008 / 德国 / 剧情 惊悚 / 丹尼斯·甘塞尔 / 于尔根·福格尔 弗雷德里克·劳,https://movie.douban.com/subject/2297265/,8.7,5,2019.02.21 《浪潮》🌟🌟🌟🌟🌟独裁没有走远。,,
虎口脱险,1966 / 法国 英国 / 喜剧 战争 / 热拉尔·乌里 / 路易·德·菲奈斯 布尔维尔,https://movie.douban.com/subject/1296909/,8.9,4,2019.02.21 《虎口脱险》🌟🌟🌟🌟鸳鸯茶太洗脑了！,,
控方证人,1957 / 美国 / 剧情 犯罪 悬疑 / 比利·怀尔德 / 泰隆·鲍华 玛琳·黛德丽,https://movie.douban.com/subject/1296141/,9.6,5,2019.02.22 《控方证人》🌟🌟🌟🌟🌟最后半小时高潮迭起，精彩纷呈。,,
模仿游戏,2014 / 英国 美国 / 剧情 传记 战争 / 莫滕·泰杜姆 / 本尼迪克特·康伯巴奇 凯拉·奈特莉,https://movie.douban.com/subject/10463953/,8.7,5,2019.02.22 《模仿游戏》🌟🌟🌟🌟🌟Turing和Christopher的故事传奇又沉痛。也很喜欢Joan.,,
至暗时刻,2017 / 英国 美国 / 剧情 传记 历史 / 乔·赖特 / 加里·奥德曼 克里斯汀·斯科特·托马斯,https://movie.douban.com/subject/26761416/,8.5,5,2019.02.21 《至暗时刻》🌟🌟🌟🌟🌟丘吉尔的演讲真的鼓舞人心。,,
华盛顿邮报,2017 / 美国 英国 / 剧情 传记 历史 / 史蒂文·斯皮尔伯格 / 梅丽尔·斯特里普 汤姆·汉克斯,https://movie.douban.com/subject/26990609/,8.3,5,2019.02.20 《华盛顿邮报》🌟🌟🌟🌟🌟梅姨做选择的镜头👍结局也妙。,,
脱欧：无理之战,2019 / 英国 / 剧情 / 托比·海恩斯 / 本尼迪克特·康伯巴奇 李·布罗德曼,https://movie.douban.com/subject/30223840/,7.7,4,2019.02.21 《脱欧：无理之战》🌟🌟🌟🌟Vote Leave的公投标语👍使用大数据向选民精准投放广告的策略在傲骨之战中也看过。这样一场关乎国运和国民的公投，它的走向和结局竟然可以是这样。,,
无双,2018 / 中国大陆 中国香港 / 剧情 动作 犯罪 / 庄文强 / 周润发 郭富城,https://movie.douban.com/subject/26425063/,8.0,4,2019.02.13 《无双》🌟🌟🌟🌟李问的故事太精彩了！PS：王耀庆和周润发同框那一幕 被无情碾压。,,
网络谜踪,2018 / 美国 俄罗斯 / 剧情 犯罪 悬疑 / 阿尼什·查甘蒂 / 约翰·赵 米切尔·拉,https://movie.douban.com/subject/27615441/,8.5,4,2019.02.12 《网络迷踪》🌟🌟🌟🌟社交网络就像是成长记录，一家三口各自的成长也都在电脑中存档。妈妈真的很爱Margot和爸爸，可惜自她去世后父女俩很少互相安慰，时间显然不是解药。爱一个人就永远不要沉默。,,
谁先爱上他的,2018 / 中国台湾 / 剧情 喜剧 同性 / 徐誉庭 许智彦 / 邱泽 谢盈萱,https://movie.douban.com/subject/27119586/,8.6,4,2019.02.11 《谁先爱上他的》🌟🌟🌟🌟邱泽演得真好。,,
飞驰人生,2019 / 中国大陆 / 喜剧 / 韩寒 / 沈腾 黄景瑜,https://movie.douban.com/subject/30163509/,6.9,3,2019.02.11 《飞驰人生》🌟🌟🌟山地赛道那一段看得为所有赛车手捏一把汗。校友真帅！,,
蜘蛛侠：英雄归来,2017 / 美国 / 动作 科幻 冒险 / 乔·沃茨 / 汤姆·赫兰德 小罗伯特·唐尼,https://movie.douban.com/subject/24753477/,7.3,4,2019.02.08 《蜘蛛侠：英雄归来》🌟🌟🌟🌟荷兰弟真是小蜘蛛本蛛，絮絮叨叨可可爱爱☺️,,
最好的我们,2019 / 中国大陆 / 剧情 爱情 / 章笛沙 / 陈飞宇 何蓝逗,https://movie.douban.com/subject/26266919/,5.2,2,2019.06.06 《最好的我们》🌟🌟全程地铁老头看手机.jpg。耿耿余淮两位同学看起来十分不熟，互生情愫的过程也看起来非常没有头绪，倒是应了二熊原著里“不知道什么时候起，日子过得像流水账一样”🙄影视作品里描绘过太多中学时代的笑与泪，看得越多，就越觉得这样的细碎片段太容易冗余。不过耿耿余淮毕业后两人天差地别的境遇的确赚足了我的眼泪，坐在杂乱走廊里头发乱糟糟下巴上有青青胡茬完全不修边幅的飞宇弟弟实在很惹人怜爱。虽然晚秋高地上再相逢的情节又开始拖沓絮叨，不过看到他俩这么多年后终于牵起的手，还是不得不再感叹一次：这俩货怎么可以这么幸福——因为你耿是二熊的亲女儿！,,
花儿与少年 第二季,2015 / 中国大陆 / 真人秀 / 廖珂 / 井柏然 杨洋,https://movie.douban.com/subject/26261188/,7.1,3,2019.02.03 《花儿与少年第二季》🌟🌟🌟花少二诞生了非常多名场面😈喜欢那时候的咩咩和陈意涵，元气少年少女。,,
心慌方,1997 / 加拿大 / 科幻 悬疑 惊悚 / 文森佐·纳塔利 / 妮可·德波儿 妮基·瓜达尼,https://movie.douban.com/subject/1305903/,7.9,3,2019.01.29《心慌方》🌟🌟🌟学好数学:D,,
密室逃生,2019 / 美国 南非 / 悬疑 惊悚 / 亚当·罗比特尔 / 泰勒·拉塞尔 洛根·米勒,https://movie.douban.com/subject/27109679/,7.1,3,2019.01.29《密室逃生》🌟🌟🌟Zoey的氧气面罩真是金手指大开。,,
女大法官金斯伯格,2018 / 美国 / 传记 纪录片 / 朱莉·科昂 贝齐·韦斯特 / 鲁斯·巴德·金斯伯格 比尔·克林顿,https://movie.douban.com/subject/27615467/,9.4,5,2019.01.23 《女大法官金斯伯格》🌟🌟🌟🌟🌟充满魅力而又伟大的人格。2020年9月19日，在去加班的地铁上刷到RBG去世的新闻，震惊、心痛，她是我职业生涯和家庭生活的理想，一路走好。,,
秘密花园,1993 / 英国 美国 / 剧情 家庭 奇幻 / 阿格涅丝卡·霍兰 / 凯特·马伯里 海登·普劳斯,https://movie.douban.com/subject/1302133/,8.5,5,2019.01.21 《秘密花园》🌟🌟🌟🌟🌟小时候看过电影后就去找来中文版读，伴随我整个童年的美好故事，温暖治愈。喜欢Mary和Dickon。为Colin感到开心；春天时uncle的花园真的好美，Colin看到它的第一眼说和他想象的一样，也和我看书时对英国庄园的想象一样。,,
歌手2019,2019 / 中国大陆 / 音乐 真人秀 / 洪涛 洪啸 / 刘欢 齐豫,https://movie.douban.com/subject/30219698/,7.2,3,2019.04.13 《歌手2019》🌟🌟🌟能听齐豫唱这么多首歌，很值得了。一如既往喜欢主唱！,,
疯狂的外星人,2019 / 中国大陆 / 喜剧 科幻 / 宁浩 / 黄渤 沈腾,https://movie.douban.com/subject/25986662/,6.4,3,2019.02.11 《疯狂的外星人》🌟🌟🌟沈腾完全戳中我的笑点🤣山争哥哥的表情落在外星人身上完全不输哈哈哈哈。,,
流浪地球,2019 / 中国大陆 / 科幻 冒险 灾难 / 郭帆 / 屈楚萧 吴京,https://movie.douban.com/subject/26266893/,7.9,4,2019.02.05 《流浪地球》🌟🌟🌟🌟带着地球寻找新的生存机会，真是中国人坚守的家国情怀。,,
我不是药神,2018 / 中国大陆 / 剧情 喜剧 / 文牧野 / 徐峥 王传君,https://movie.douban.com/subject/26752088/,9.0,5,2019.01.20 《我不是药神》🌟🌟🌟🌟🌟春季学期课程论文写了access to medicine in the developing world，讨论出现在近半学期seminars中的paragraph 6的影响。统计报告中的数字和图表，第一次以真实故事的影视改编呈现在眼前，看得难过极了。多哈宣言发表十多年，希望未来会更好。2021年9月29日，COVID爆发一年多了，TRIPS Waiver成为谈判桌上的焦点议题，疫苗供应/分配不均仍是发展中国家面临的难题。可此时距《多哈宣言》发表，已经整整二十年了。,,
Serial 第一季,2014 / 美国 / Sarah Koenig / Sarah Koenig Hae Min Lee,https://movie.douban.com/subject/26282647/,9.3,5,2019.01.20 《Serial第一季》🌟🌟🌟🌟🌟从暑假开始陆陆续续听了半年，终于听完这一季。十五年前没挖掘出的facts，十五年后只能更无从找起。Sarah呈现出整个案子中的种种谜团：Adnan的motive、personality和religion；当时人们对于Muslim的态度；律师Christina的辩护策略；Jay前后矛盾且不能完全得到佐证的证言；Adnan未被警方询问的朋友们的回忆；始终沉默的Stephanie。如果我是陪审团成员，仅凭当时的法庭上的辩论，1999年1月13日这一天究竟发生了什么不得而知，很难排除合理怀疑。不难理解Adnan为什么在Sarah的讲述中执着于一个ending。他也终于在2016年被granted a new trial。,,
啥是佩奇,2019 / 中国大陆 / 短片 / 张大鹏 / 李玉宝 邵杰睿,https://movie.douban.com/subject/30435141/,7.4,5,2019.01.19 《啥是佩奇》🌟🌟🌟🌟🌟永远为亲情感动。爱是不为回报的给予，爱是千里迢迢终团聚。期待电影(⁎⁍̴̛ᴗ⁍̴̛⁎),,
小妇人,1933 / 美国 / 剧情 家庭 爱情 / 乔治·库克 / 凯瑟琳·赫本 琼·贝内特,https://movie.douban.com/subject/1297022/,7.8,5,2019.01.16 《小妇人》🌟🌟🌟🌟🌟喜欢Jo，喜欢妈妈。 -“我满怀心意，却空手而来。” -“心意是最重要的。”,,
白蛇：缘起,2019 / 中国大陆 美国 / 爱情 动画 奇幻 / 黄家康 赵霁 / 张喆 杨天翔,https://movie.douban.com/subject/30331149/,7.8,4,2019.01.14 《白蛇：缘起》🌟🌟🌟🌟捕蛇村好美，小白小青很像动画版花木兰。断桥上小白回头时的发型哈哈哈。,,
加菲猫2,2006 / 英国 美国 / 喜剧 家庭 / 蒂姆·希尔 / 布瑞金·梅耶 詹妮弗·洛芙·休伊特,https://movie.douban.com/subject/1760104/,7.5,3,2019.01.10 《加菲猫2》🌟🌟🌟吃饱意面后肚子圆滚滚的加菲好可爱！,,
地心引力,2013 / 英国 美国 墨西哥 / 科幻 惊悚 灾难 / 阿方索·卡隆 / 桑德拉·布洛克 乔治·克鲁尼,https://movie.douban.com/subject/3793783/,7.9,3,2019.01.09《地心引力》🌟🌟🌟只接受六个月training就上太空的女主：遇到意外总是慌慌乱乱，却能平安降落到故里。这真是个概率极低的奇迹:(,,
头号玩家,2018 / 美国 / 动作 科幻 冒险 / 史蒂文·斯皮尔伯格 / 泰伊·谢里丹 奥利维亚·库克,https://movie.douban.com/subject/4920389/,8.7,5,2019.01.07 《头号玩家》🌟🌟🌟🌟🌟非游戏玩家也觉得太赞啦！,,
狗十三,2013 / 中国大陆 / 剧情 家庭 / 曹保平 / 张雪迎 果靖霖,https://movie.douban.com/subject/25716096/,8.2,4,2019.01.07 《狗十三》🌟🌟🌟🌟就这样长大了。,,
诈欺游戏2,2009 / 日本 / 犯罪 悬疑 / 松山博昭 大木绫子 长濑国博 / 户田惠梨香 松田翔太,https://movie.douban.com/subject/3685955/,8.5,4,2019.01.03 《诈欺游戏2》🌟🌟🌟🌟所以极限挑战的节目策划是照搬这部剧吧👎,,
诈欺游戏,2007 / 日本 / 剧情 悬疑 犯罪 / 松山博昭 大木绫子 / 户田惠梨香 松田翔太,https://movie.douban.com/subject/2018076/,8.4,4,2019.01.03 《诈欺游戏》🌟🌟🌟🌟回合设置很好玩。女主是真·圣母Orz,,
帕丁顿熊,2014 / 英国 法国 / 喜剧 动画 家庭 / 保罗·金 / 本·卫肖 妮可·基德曼,https://movie.douban.com/subject/2998373/,7.8,5,"2019.01.01 《帕丁顿熊》🌟🌟🌟🌟🌟看得十分开心，脑海里关于伦敦的记忆像在放电影。谢谢家人送我到这座城市念书。感觉自己刚来的时候真的很像小熊，有一点无措、渴望温暖陪伴。小熊在片尾给Lucy的信这样写道：‘In London, everyone is different, but that means anyone can fit in.’ 是这样的呀！这一年我过得自由和快乐，结识了一生的好朋友、拥有了难忘的时刻，希望以后能有机会和家人再回来，带他们看看我曾生活过的地方。",,
帕丁顿熊2,2017 / 英国 法国 美国 / 喜剧 动画 家庭 / 保罗·金 / 本·卫肖 休·格兰特,https://movie.douban.com/subject/26340419/,8.0,5,2018.12.31 《帕丁顿熊2》🌟🌟🌟🌟🌟2018年的最后一天，在家里看完了小熊。熟悉的伦敦地标，以及离暑假宿舍几步远的帕丁顿火车站。就是从这里乘Heathrow Express作别这座城市。,,
你好，之华,2018 / 中国大陆 / 剧情 爱情 / 岩井俊二 / 周迅 秦昊,https://movie.douban.com/subject/27615233/,6.7,3,2018.12.31 《你好，之华》🌟🌟🌟年华是无效信。,,
海王,2018 / 美国 澳大利亚 / 动作 奇幻 冒险 / 温子仁 / 杰森·莫玛 艾梅柏·希尔德,https://movie.douban.com/subject/3878007/,7.6,4,2018.12.24 《海王》🌟🌟🌟🌟海底世界精彩纷呈:D,,
风味人间 第一季,2018 / 中国大陆 / 纪录片 / 陈晓卿 / 李立宏,https://movie.douban.com/subject/30156039/,9.0,4,2018.12.23 《风味人间第一季》🌟🌟🌟🌟食物是最治愈人心的存在。,,
原生之罪 第一季,2018 / 中国大陆 / 犯罪 悬疑 / 叶伟民 王涛涛 李保樟 / 翟天临 尹正,https://movie.douban.com/subject/30139731/,6.3,3,2019.01.06 《原生之罪第一季》🌟🌟🌟几个案子的改编不太满意。结尾很仓促。,,
哈利·波特与凤凰社,2007 / 英国 美国 / 奇幻 冒险 / 大卫·叶茨 / 丹尼尔·雷德克里夫 艾玛·沃森,https://movie.douban.com/subject/1457217/,8.4,4,2018.12.09 《哈利波特与凤凰社》🌟🌟🌟🌟中学时在央6看的第一部HP。,,
恋爱通告,2010 / 中国台湾 中国大陆 / 喜剧 爱情 / 王力宏 / 王力宏 刘亦菲,https://movie.douban.com/subject/4707230/,5.9,3,2018.12.08 《恋爱通告》🌟🌟🌟每每听到「十八般武艺」的前奏，就会想起这部电影。,,
哆啦A梦：伴我同行,2014 / 日本 / 剧情 动画 / 八木龙一 山崎贵 / 水田山葵 大原惠美,https://movie.douban.com/subject/25769362/,8.1,3,2014.12.08 《哆啦A梦：伴我同行》🌟🌟🌟第二次看哆啦A梦剧场版，还是很可爱啊。,,
红海行动,2018 / 中国大陆 中国香港 / 动作 战争 / 林超贤 / 张译 黄景瑜,https://movie.douban.com/subject/26861685/,8.3,3,2018.12.08 《红海行动》🌟🌟🌟校友真帅！,,
火锅英雄,2016 / 中国大陆 / 剧情 犯罪 / 杨庆 / 陈坤 白百何,https://movie.douban.com/subject/25662327/,7.2,3,2018.12.08 《火锅英雄》🌟🌟🌟重庆：一座气质独特的城市。,,
致我们终将逝去的青春,2013 / 中国大陆 / 剧情 爱情 / 杨子姗 赵又廷,https://movie.douban.com/subject/6973376/,6.5,3,2018.12.08 《致我们终将逝去的青春》🌟🌟🌟看这部片子时还在念中学，觉得不过是八零后的青春。,,
美国队长3,2016 / 美国 / 动作 科幻 冒险 / 安东尼·罗素 乔·罗素 / 克里斯·埃文斯 小罗伯特·唐尼,https://movie.douban.com/subject/25820460/,7.9,4,2018.12.08 《美国队长3》🌟🌟🌟小蜘蛛！,,
黄金罗盘,2007 / 美国 英国 / 冒险 家庭 奇幻 / 克里斯·韦兹 / 妮可·基德曼 丹尼尔·克雷格,https://movie.douban.com/subject/1585146/,6.5,3,2018.12.08 《黄金罗盘》🌟🌟🌟小时候在电影频道看了两遍的奇幻故事。,,
达·芬奇密码,2006 / 美国 马耳他 法国 英国 / 悬疑 惊悚 / 朗·霍华德 / 汤姆·汉克斯 奥黛丽·塔图,https://movie.douban.com/subject/1329950/,7.4,3,2018.12.08 《达芬奇密码》🌟🌟🌟总觉得宗教元素神神叨叨。,,
哈利·波特与阿兹卡班的囚徒,2004 / 英国 美国 / 奇幻 冒险 / 阿方索·卡隆 / 丹尼尔·雷德克里夫 艾玛·沃森,https://movie.douban.com/subject/1291544/,8.9,5,2018.12.07 《哈利波特与阿兹卡班的囚徒》🌟🌟🌟🌟🌟喜欢小天狼星。,,
哈利·波特与密室,2002 / 英国 美国 / 奇幻 冒险 / 克里斯·哥伦布 / 丹尼尔·雷德克里夫 艾玛·沃森,https://movie.douban.com/subject/1296996/,8.8,4,2018.12.07 《哈利波特与密室》🌟🌟🌟🌟小时候的三只太可爱！,,
西虹市首富,2018 / 中国大陆 / 喜剧 / 闫非 彭大魔 / 沈腾 宋芸桦,https://movie.douban.com/subject/27605698/,6.6,3,2018.12.03 《西虹市首富》🌟🌟🌟哈哈哈哈看得很开心。,,
素媛,2013 / 韩国 / 剧情 / 李濬益 / 薛景求 严志媛,https://movie.douban.com/subject/21937452/,9.3,4,2018.11.21 《素媛》🌟🌟🌟🌟哎......有一种深深的无力感。,,
重返20岁,2015 / 中国大陆 韩国 / 喜剧 爱情 奇幻 / 陈正道 / 杨子姗 归亚蕾,https://movie.douban.com/subject/25870084/,7.1,2,2018.11.21 《重返20岁》🌟🌟小鹿可爱！,,
快把我哥带走,2018 / 中国大陆 / 喜剧 奇幻 / 郑芬芬 / 张子枫 彭昱畅,https://movie.douban.com/subject/30122633/,6.8,3,2018.11.21 《快把我哥带走》🌟🌟🌟喜欢彭彭和子枫戏里戏外的互动，赵今麦的演技不错诶！,,
战狼2,2017 / 中国大陆 / 动作 战争 / 吴京 / 吴京 弗兰克·格里罗,https://movie.douban.com/subject/26363254/,7.1,3,2018.11.21 《战狼2》🌟🌟🌟“你妈没告诉你不要惹熊孩子吗？”🤣,,
降临,2016 / 美国 加拿大 / 剧情 科幻 / 丹尼斯·维伦纽瓦 / 艾米·亚当斯 杰瑞米·雷纳,https://movie.douban.com/subject/21324900/,7.8,5,"2018.11.21 《降临》🌟🌟🌟🌟🌟‘Despite knowing the journey and where it leads, I embrace it.’",,
敦刻尔克,2017 / 英国 法国 美国 荷兰 / 剧情 历史 战争 / 克里斯托弗·诺兰 / 菲恩·怀特海德 汤姆·格林-卡尼,https://movie.douban.com/subject/26607693/,8.4,5,2018.11.21 《敦刻尔克》🌟🌟🌟🌟🌟在伦敦念书时住在运河边，有非常多私人的船。有次和潇然走过，她讲了这部电影给我。,,
蝙蝠侠：黑暗骑士崛起,2012 / 美国 英国 / 剧情 动作 科幻 / 克里斯托弗·诺兰 / 克里斯蒂安·贝尔 汤姆·哈迪,https://movie.douban.com/subject/3395373/,8.8,4,2018.11.21 《蝙蝠侠：黑暗骑士崛起》🌟🌟🌟🌟英雄主义。,,
后天,2004 / 美国 / 科幻 灾难 / 罗兰·艾默里奇 / 丹尼斯·奎德 杰克·吉伦哈尔,https://movie.douban.com/subject/1308779/,8.3,3,2018.11.21 《后天》🌟🌟🌟灾难场景好可怕，父子情感人。,,
弗里达,2002 / 美国 墨西哥 加拿大 / 传记 剧情 爱情 / 朱丽·泰莫 / 萨尔玛·海耶克 阿尔弗雷德·莫里纳,https://movie.douban.com/subject/1291852/,8.7,5,2018.11.21 《弗里达》🌟🌟🌟🌟🌟非常喜欢的女画家。V&A的展很棒！,,
那些年，我们一起追的女孩,2011 / 中国台湾 / 剧情 喜剧 爱情 / 九把刀 / 柯震东 陈妍希,https://movie.douban.com/subject/4920528/,8.1,3,2018.11.21 《那些年，我们一起追的女孩》🌟🌟🌟小清新。,,
新闻编辑室 第三季,2014 / 美国 / 剧情 / 格雷格·莫托拉 艾伦·保尔 保罗·立博斯坦 安东尼·海明威 / 杰夫·丹尼尔斯 艾米莉·莫迪默,https://movie.douban.com/subject/25719291/,9.5,5,2018.11.06 《新闻编辑室第三季》🌟🌟🌟🌟🌟再见Charlie。,,
新闻编辑室 第一季,2012 / 美国 / 剧情 / 格雷格·莫托拉 艾利克斯·格雷夫斯 丹尼尔·米纳汉 艾伦·保尔 杰雷米·波德斯瓦 莱丝莉·琳卡·格拉特 乔舒亚·马斯顿 / 杰夫·丹尼尔斯 艾米莉·莫迪默,https://movie.douban.com/subject/6142597/,9.1,5,2018.12.03 《新闻编辑室第一季》🌟🌟🌟🌟🌟好看！,,
中餐厅 第二季,2018 / 中国大陆 / 真人秀 / 刘利辉 / 苏有朋 舒淇,https://movie.douban.com/subject/30188120/,6.8,3,2018.12.03 《中餐厅第二季》🌟🌟🌟喜欢赵薇x苏有朋，童年记忆。哇哥很有梗！以及……镜头下的王俊凯做饭时是帅的:D,,
疯狂动物城,2016 / 美国 / 喜剧 动画 冒险 / 拜伦·霍华德 瑞奇·摩尔 杰拉德·布什 / 金妮弗·古德温 杰森·贝特曼,https://movie.douban.com/subject/25662329/,9.2,5,2018.07.24 《疯狂动物城》🌟🌟🌟🌟🌟真可爱呀，Judy和Nick。,,
唐人街探案,2015 / 中国大陆 / 喜剧 动作 悬疑 / 陈思诚 / 王宝强 刘昊然,https://movie.douban.com/subject/26311973/,7.7,4,2018.07.24 《唐人街探案》🌟🌟🌟🌟子枫妹妹最后一笑好瘆人。,,
唐人街探案2,2018 / 中国大陆 / 喜剧 动作 悬疑 / 陈思诚 / 王宝强 刘昊然,https://movie.douban.com/subject/26698897/,6.6,3,2018.07.24 《唐人街探案2》🌟🌟🌟昊然弟弟女装可爱哈哈哈哈。,,
超时空同居,2018 / 中国大陆 / 喜剧 爱情 奇幻 / 苏伦 / 雷佳音 佟丽娅,https://movie.douban.com/subject/27133303/,6.8,3,2018.07.24 《超时空同居》🌟🌟🌟雷佳音好萌QWQ彩蛋里徐峥老师太搞笑啦！,,
延禧攻略,2018 / 中国大陆 / 剧情 爱情 古装 / 惠楷栋 温德光 / 秦岚 聂远,https://movie.douban.com/subject/26999852/,7.1,3,2018.12.03 《延禧攻略》🌟🌟🌟富察皇后好美好温柔。,,
舌尖上的中国 第一季,2012 / 中国大陆 / 纪录片 / 陈晓卿 / 李立宏,https://movie.douban.com/subject/10606004/,9.4,5,2018.07.02 《舌尖上的中国第一季》🌟🌟🌟🌟🌟饮食也是一种文化。,,
傲骨贤妻 第三季,2011 / 美国 / 剧情 悬疑 犯罪 / 布鲁克·肯尼迪 / 朱丽安娜· 玛格丽丝 艾伦·卡明,https://movie.douban.com/subject/6126439/,9.1,5,2018.07.02 《傲骨贤妻第三季》🌟🌟🌟🌟🌟难怪起名‘good wife’。,,
傲骨贤妻  第二季,2010 / 美国 / 犯罪 剧情 悬疑 / 查尔斯·麦克道格 / 朱丽安娜· 玛格丽丝 乔西·查尔斯,https://movie.douban.com/subject/5028366/,9.2,5,2018.07.02 《傲骨贤妻第二季》🌟🌟🌟🌟🌟W&A。,,
傲骨贤妻 第一季,2009 / 美国 / 犯罪 剧情 悬疑 / 查尔斯·麦克道格 / 朱丽安娜· 玛格丽丝 乔西·查尔斯,https://movie.douban.com/subject/3754368/,9.1,5,2018.07.02 《傲骨贤妻第一季》🌟🌟🌟🌟🌟Will真的很帅。,,
波士顿法律 第二季,2005 / 美国 / 剧情 / Oz Scott / James Spader William Shatner,https://movie.douban.com/subject/3285407/,9.4,5,2018.07.02 《波士顿法律第二季》🌟🌟🌟🌟🌟Alan和Danny👍,,
波士顿法律 第一季,2004 / 美国 / 喜剧 犯罪 剧情 / 大卫·E·凯利 / 勒内·奥贝尔若努瓦 马克·瓦雷,https://movie.douban.com/subject/1754882/,9.2,5,2018.07.02 《波士顿法律第一季》🌟🌟🌟🌟🌟Alan可可爱爱。,,
傲慢与偏见,1995 / 英国 / 爱情 剧情 / 西蒙·兰顿 / 科林·费尔斯 詹妮弗·艾莉,https://movie.douban.com/subject/1301174/,9.3,5,2018.07.02 《傲慢与偏见》🌟🌟🌟🌟🌟Colin Firth是我心目中的达西本西。,,
匹诺曹,2014 / 韩国 / 剧情 爱情 / 赵秀沅 申承佑 / 李钟硕 朴信惠,https://movie.douban.com/subject/25928794/,8.3,4,2018.07.02 《皮诺曹》🌟🌟🌟🌟大二期末季和室友见缝插针追完。,,
胜者即是正义2,2013 / 日本 / 喜剧 悬疑 犯罪 / 石川淳一 城宝秀则 西坂瑞城 / 堺雅人 新垣结衣,https://movie.douban.com/subject/23997724/,9.4,4,2018.07.02 《胜者即是正义2》🌟🌟🌟🌟🌟笑点槽点都很足。,,
半泽直树,2013 / 日本 / 剧情 / 福泽克雄 棚泽孝义 田中健太 / 堺雅人 上户彩,https://movie.douban.com/subject/24697949/,9.2,5,2018.07.02 《半泽直树》🌟🌟🌟🌟🌟高中毕业后的暑假每周必追。,,
胜者即是正义,2012 / 日本 / 剧情 喜剧 犯罪 / 石川淳一 城宝秀则 / 堺雅人 新垣结衣,https://movie.douban.com/subject/10491666/,9.4,4,2018.07.02 《胜者即是正义》🌟🌟🌟🌟🌟鬼马古美门。,,
小别离,2016 / 中国大陆 / 剧情 家庭 / 汪俊 / 黄磊 海清,https://movie.douban.com/subject/26322639/,8.0,4,2018.07.02 《小别离》🌟🌟🌟🌟三个小朋友太可爱啦。,,
匆匆那年,2014 / 中国大陆 / 剧情 爱情 / 姚婷婷 / 杨玏 何泓姗,https://movie.douban.com/subject/25840705/,8.1,4,2018.07.02 《匆匆那年》🌟🌟🌟🌟很喜欢这部改编。,,
斯隆女士,2016 / 美国 法国 / 剧情 悬疑 / 约翰·马登 / 杰西卡·查斯坦 古古·姆巴塔-劳,https://movie.douban.com/subject/26703158/,8.8,4,2019.01.09 《斯隆女士》🌟🌟🌟🌟永远留有后手/至少五年的信任。,,
伯德小姐,2017 / 美国 / 剧情 家庭 / 格蕾塔·葛韦格 / 西尔莎·罗南 劳里·梅特卡夫,https://movie.douban.com/subject/26588314/,7.9,4,2018.11.21 《伯德小姐》🌟🌟🌟🌟-“我当然爱你。” -“那你喜欢我吗？”,,
请以你的名字呼唤我,2017 / 意大利 法国 巴西 美国 荷兰 德国 / 剧情 爱情 同性 / 卢卡·瓜达尼诺 / 艾米·汉莫 蒂莫西·柴勒梅德,https://movie.douban.com/subject/26799731/,8.9,5,2018.07.02 《请以你的名字呼唤我》🌟🌟🌟🌟🌟甜茶和意大利的夏天，真美好啊。,,
动物世界,2018 / 中国大陆 / 剧情 动作 冒险 / 韩延 / 李易峰 迈克尔·道格拉斯,https://movie.douban.com/subject/26925317/,7.2,3,2019.01.02 《动物世界》🌟🌟🌟赌场这一段戏👍,,
一吻定情2,2014 / 日本 / 剧情 爱情 / 小中和哉 二宮崇 / 矢作穗香 古川雄辉,https://movie.douban.com/subject/25738842/,7.7,2,2018.06.29 《一吻定情2》🌟🌟没有永田琴导演的第二部只能算是狗尾续貂。,,
一吻定情,2013 / 日本 / 剧情 喜剧 爱情 / 永田琴 阿部雅和 川野浩司 / 矢作穗香 古川雄辉,https://movie.douban.com/subject/21339675/,8.4,5,2018.06.29 《一吻定情》🌟🌟🌟🌟🌟高三下学期每周日的期待，打动了一颗十八岁的少女心。,,
英国式丑闻 第一季,2018 / 英国 / 剧情 传记 犯罪 / 斯蒂芬·弗雷斯 / 休·格兰特 本·卫肖,https://movie.douban.com/subject/27038857/,8.8,5,2018.06.08 《英国式丑闻》🌟🌟🌟🌟🌟社保卡真是贯穿始终哈哈哈。,,
傲骨之战 第一季,2017 / 美国 / 剧情 / 布鲁克·肯尼迪 / 克里斯汀·芭伦斯基 库什·珍宝,https://movie.douban.com/subject/26798481/,9.2,5,2018.05.28 《傲骨之战第一季》🌟🌟🌟🌟🌟TGF S1E1 Diane在她resigning party上回眸望向屏幕上她与Will的合照那一瞬，眼泪都要落下来。,,
傲骨之战 第二季,2018 / 美国 / 剧情 / 吉姆·麦凯 小詹姆斯·惠特摩 / 克里斯汀·芭伦斯基 库什·珍宝,https://movie.douban.com/subject/26997533/,9.4,5,2018.05.28 《傲骨之战第二季》🌟🌟🌟🌟🌟Queen Baranski!,,
假结婚,2009 / 美国 / 喜剧 剧情 爱情 / 安妮·弗莱彻 / 桑德拉·布洛克 瑞安·雷诺兹,https://movie.douban.com/subject/3011102/,7.2,3,2018.05.16 《假结婚》🌟🌟🌟高一的春夏之交看的这部片子。七年过去了，今天考完试回来，看到最新一期傲骨之战的结尾时，突然就想起这部影片，重新找出来看，还是觉得这一家子实在是太暖心了，奶奶和妈妈努力让爸爸支持和理解儿子、让儿子更加融入家庭。很想家T T看到影片末尾移民官员和Ramone的对话笑哭！,,
向往的生活 第一季,2017 / 中国大陆 / 真人秀 / 王征宇 / 何炅 黄磊,https://movie.douban.com/subject/26873657/,7.5,2,2018.04.29 《向往的生活第一季》🌟🌟两颗星给围着厨房忙了一季的黄老师和永远温情的何老师。“平凡人间烟火气 我希望胖一点 再胖一点”,,
忽而今夏,2018 / 中国大陆 / 剧情 / 吕赢 / 白宇 卜冠今,https://movie.douban.com/subject/27041389/,8.1,2,2018.06.08 《忽而今夏》🌟🌟不知道为什么国产剧的编剧们总是对于内心描写丰富的桥段有偏见，觉得没有戏剧冲突，然后改成这个鬼样子。两星给原著，没看到世界上最好看的侧脸，没看到觉得“所以我 求求你 别让我离开你”太卑微的何洛。,,
北京女子图鉴,2018 / 中国大陆 / 剧情 / 黎志 / 戚薇 魏大勋,https://movie.douban.com/subject/27176635/,6.2,3,2018.06.08 《北京女子图鉴》🌟🌟🌟没有同感。可能就像是本科同学所说的那样吧，“庆幸我们是以一个学生的身份生活在北京”，所以还来不及被生活打击就匆匆告别。,,
经常请吃饭的漂亮姐姐,2018 / 韩国 / 剧情 爱情 / 安畔锡 / 孙艺珍 丁海寅,https://movie.douban.com/subject/27663984/,7.6,4,2018.06.08 《经常请吃饭的漂亮姐姐》🌟🌟🌟🌟觉得结局很好啊，就是「经常请吃饭的漂亮姐姐」而已啦。,,
神探,2007 / 中国香港 / 动作 犯罪 悬疑 / 杜琪峰 韦家辉 / 刘青云 安志杰,https://movie.douban.com/subject/2027938/,8.5,5,2018.03.10 《神探》🌟🌟🌟🌟🌟刻画人物内心很精彩。,,
琅琊榜,2015 / 中国大陆 / 剧情 古装 / 孔笙 李雪 / 胡歌 刘涛,https://movie.douban.com/subject/25754848/,9.4,5,2018.02.04 《琅琊榜》🌟🌟🌟🌟🌟就很喜欢，景睿豫津、蒙大统领、小飞流、苏宅日常。,,
听见你的声音,2013 / 韩国 / 剧情 爱情 奇幻 / 赵秀沅 / 李宝英 李钟硕,https://movie.douban.com/subject/24702659/,8.7,4,2018.02.03 《听见你的声音》🌟🌟🌟🌟好喜欢宝英欧尼嗷。,,
琅琊榜之风起长林,2017 / 中国大陆 / 剧情 古装 / 孔笙 李雪 / 黄晓明 刘昊然,https://movie.douban.com/subject/26665065/,8.5,4,2018.02.18 《琅琊榜之风起长林》🌟🌟🌟🌟很喜欢林奚和世子妃。PS元启才是主角吧:(,,
你好，旧时光,2017 / 中国大陆 / 剧情 爱情 / 沙漠 / 李兰迪 张新成,https://movie.douban.com/subject/26581830/,8.6,3,2018.01.19 《你好，旧时光》🌟🌟🌟不算是精彩的改编，只是一部重新演绎的校园剧。,,
真爱至上,2003 / 英国 美国 法国 / 喜剧 剧情 爱情 / 理查德·柯蒂斯 / 休·格兰特 科林·费尔斯,https://movie.douban.com/subject/1292401/,8.6,5,2017.12.25 《真爱至上》🌟🌟🌟🌟🌟在伦敦的第一个圣诞。Feliz Navidad🎄,,
明星大侦探 第二季,2017 / 中国大陆 / 犯罪 悬疑 真人秀 / 何忱 / 何炅 撒贝宁,https://movie.douban.com/subject/26821378/,9.0,3,2017.12.09 《明星大侦探第二季》🌟🌟🌟一个、两个、三个小朋友…...,,
寻梦环游记,2017 / 美国 / 喜剧 动画 奇幻 / 李·昂克里奇 阿德里安·莫利纳 / 安东尼·冈萨雷斯 盖尔·加西亚·贝纳尔,https://movie.douban.com/subject/20495023/,9.1,5,2018.02.02 《寻梦环游记》🌟🌟🌟🌟🌟大概是周围最晚看到coco的人之一了。小时候妈妈让我学唱歌学琴学打羽毛球，说是为了让我在难过的时候可以在音乐和运动中找到支撑自己往前走的力量。但我觉得受益最大的绝对是学语言、感受文化。墨西哥亡灵节，对亲人的追思，非常感动。,,
当你沉睡时,2017 / 韩国 / 爱情 奇幻 / 吴庆焕 朴秀真 / 李钟硕 裴秀智,https://movie.douban.com/subject/26887064/,8.3,5,2017.12.09 《当你沉睡时》🌟🌟🌟🌟🌟喜欢男主女主男二还有大叔之间的羁绊，太感动。,,
今生是第一次,2017 / 韩国 / 剧情 喜剧 爱情 / 朴俊和 / 李民基 郑素敏,https://movie.douban.com/subject/27103757/,8.5,4,2017.12.09 《今生是第一次》🌟🌟🌟🌟想养猫猫。,,
白夜追凶,2017 / 中国大陆 / 剧情 犯罪 悬疑 / 王伟 / 潘粤明 王龙正,https://movie.douban.com/subject/26883064/,9.0,5,2017.10.12 《白夜追凶》🌟🌟🌟🌟🌟为潘老师打call！弟弟最后那个坏坏的笑😏期待下一季。,,
异星觉醒,2017 / 英国 美国 / 科幻 惊悚 恐怖 / 丹尼尔·伊斯皮诺萨 / 杰克·吉伦哈尔 丽贝卡·弗格森,https://movie.douban.com/subject/26718838/,6.5,3,2017.05.21 《异星觉醒》🌟🌟🌟怪物长得很套路…...结局好绝望🙄,,
摔跤吧！爸爸,2016 / 印度 / 剧情 传记 运动 / 涅提·蒂瓦里 / 阿米尔·汗 法缇玛·萨那·纱卡,https://movie.douban.com/subject/26387939/,9.0,5,2017.05.10 《摔跤吧！爸爸》🌟🌟🌟🌟🌟故事的原型很像某老师啊。,,
喜欢你,2017 / 中国大陆 中国香港 / 喜剧 爱情 / 许宏宇 / 金城武 周冬雨,https://movie.douban.com/subject/26816383/,6.7,3,2017.04.26 《喜欢你》🌟🌟🌟（吃饱饭后）看得好开心。陈老师的歌好听喔！,,
长大,2015 / 中国大陆 / 剧情 爱情 / 林妍 / 白百何 陆毅,https://movie.douban.com/subject/25777370/,7.6,4,2017.04.09 《长大》🌟🌟🌟🌟白百何真少女啊。,,
绑架者,2017 / 中国大陆 中国台湾 中国香港 / 动作 犯罪 / 徐静蕾 杨翌舒 / 白百何 黄立行,https://movie.douban.com/subject/26602933/,4.8,2,2017.04.03 《绑架》🌟🌟反转时全场都笑了:(,,
人民的名义,2017 / 中国大陆 / 剧情 犯罪 悬疑 / 李路 / 陆毅 柯蓝,https://movie.douban.com/subject/26727273/,8.3,5,2017.12.09 《人民的名义》🌟🌟🌟🌟🌟现实中这些人的做派堪称国家一级演员。,,
美女与野兽,2017 / 美国 / 爱情 奇幻 歌舞 / 比尔·康顿 / 艾玛·沃森 丹·史蒂文斯,https://movie.douban.com/subject/25900945/,7.1,3,2017.03.23 《美女与野兽》🌟🌟🌟好梦幻啊。,,
一条狗的使命,2017 / 美国 / 剧情 喜剧 家庭 / 拉斯·霍尔斯道姆 / 乔什·加德 布丽特·罗伯森,https://movie.douban.com/subject/6873143/,7.7,5,2017.03.06 《一条狗的使命》🌟🌟🌟🌟🌟十岁时我拥有了自己的第一只狗狗。之后十年漫长相伴，在我二十岁时她离开我。如果能像电影里再次遇见，我会不会认得她？或者无论她在哪里，愿珍重千万千万。,,
欢乐好声音,2016 / 美国 / 喜剧 动画 歌舞 / 加斯·詹宁斯 克里斯托夫·卢尔德莱 / 马修·麦康纳 瑞茜·威瑟斯彭,https://movie.douban.com/subject/26354572/,8.1,3,2017.03.01 《欢乐好声音》🌟🌟🌟大家都毛茸茸的，想撸头毛😈,,
生化危机：终章,2016 / 美国 德国 法国 加拿大 南非 澳大利亚 英国 日本 中国大陆 / 动作 科幻 恐怖 / 保罗·安德森 / 米拉·乔沃维奇 伊恩·格雷,https://movie.douban.com/subject/20471852/,6.5,3,2017.03.01 《生化危机》🌟🌟🌟女主好英气。全程捂着半面屏幕看完的T T,,
我们这一天 第一季,2016 / 美国 / 剧情 家庭 / 约翰·里夸 格伦·费卡拉 肯·奥林 小乔治·提尔曼 克雷格·齐斯克 西拉斯·霍华德 莎拉·皮亚·安德森 乌塔·布里兹维茨 海伦·亨特 蒂莫西·布斯菲尔德 克里斯·科赫 温蒂·斯坦齐勒 / 曼迪·摩尔 米洛·文堤米利亚,https://movie.douban.com/subject/26794215/,9.5,5,2017.12.09 《我们这一天》🌟🌟🌟🌟🌟好几集都看到泪奔。喜欢这一家子。,,
爱乐之城,2016 / 美国 / 剧情 爱情 歌舞 / 达米恩·查泽雷 / 瑞恩·高斯林 艾玛·斯通,https://movie.douban.com/subject/25934014/,8.4,4,2017.02.11 《爱乐之城》🌟🌟🌟🌟所谓浪漫，就是没有后来。,,
最好的我们,2016 / 中国大陆 / 剧情 爱情 / 刘畅 / 刘昊然 谭松韵,https://movie.douban.com/subject/26602244/,8.9,3,2017.02.07 《最好的我们》🌟🌟🌟松韵等一众演员的确惊艳。但编剧的笔力不及也很明显。单纯冗长的快乐容易腻烦，只留四集给他们的高三和此后七年，虎头蛇尾。编剧大笔一挥，镜头一转时间呼啸而过。,,
天黑请闭眼,2016 / 中国台湾 / 悬疑 惊悚 / 陈玉勋 柯贞年 / 简嫚书 张书豪,https://movie.douban.com/subject/26853455/,7.4,3,2017.12.09 《天黑请闭眼》🌟🌟🌟每周跟大家一起推理很有趣，但有些烂尾。,,
老表三贱客,2011 / 西班牙 / 喜剧 / 丹尼尔·桑切斯·阿雷瓦洛 / 基姆·古铁雷斯 茵玛·奎斯塔,https://movie.douban.com/subject/5157037/,7.4,3,2016.12.30 《老表三贱客》🌟🌟🌟笑点都是板鸭套路，不过还算温情。,,
血战钢锯岭,2016 / 澳大利亚 美国 / 剧情 传记 历史 / 梅尔·吉布森 / 安德鲁·加菲尔德 萨姆·沃辛顿,https://movie.douban.com/subject/26325320/,8.7,4,2016.12.08 《血战钢锯岭》🌟🌟🌟🌟泪目。,,
谜一样的双眼,2009 / 阿根廷 西班牙 / 剧情 爱情 犯罪 / 胡安·何塞·坎帕内利亚 / 里卡多·达林 索蕾达·维拉米尔,https://movie.douban.com/subject/4066125/,8.3,5,2016.12.04 《谜一样的双眼》🌟🌟🌟🌟🌟谁囚禁了谁？,,
你的名字。,2016 / 日本 / 剧情 爱情 动画 / 新海诚 / 神木隆之介 上白石萌音,https://movie.douban.com/subject/26683290/,8.5,4,2016.12.03 《你的名字》🌟🌟🌟🌟陪老王看。,,
我们是贵族,2013 / 墨西哥 / 喜剧 / 盖瑞·阿拉兹拉奇 / 贡萨洛·维加 卡拉·索萨,https://movie.douban.com/subject/23165672/,6.6,3,2016.10.30 《我们是贵族》🌟🌟🌟2333老爸👍。,,
七月与安生,2016 / 中国大陆 中国香港 / 剧情 爱情 / 曾国祥 / 周冬雨 马思纯,https://movie.douban.com/subject/25827935/,7.6,4,2016.09.29 《七月与安生》🌟🌟🌟🌟女孩子之间的友情，可以有很多个故事。,,
我可能不会爱你,2011 / 中国台湾 / 爱情 / 瞿友宁 / 林依晨 陈柏霖,https://movie.douban.com/subject/6129693/,8.9,4,2016.08.06 《我可能不会爱你》🌟🌟🌟🌟程又青非常狮子座。心疼Maggie。,,
树大招风,2016 / 中国香港 中国大陆 / 动作 犯罪 / 许学文 欧文杰 黄伟杰 / 林家栋 任贤齐,https://movie.douban.com/subject/26265170/,8.1,3,2019.03.25 《树大招风》🌟🌟🌟山雨欲来。,,
大空头,2015 / 美国 / 剧情 传记 / 亚当·麦凯 / 克里斯蒂安·贝尔 史蒂夫·卡瑞尔,https://movie.douban.com/subject/26303622/,8.5,4,2019.03.25 《大空头》🌟🌟🌟🌟精彩剪辑。历史总会重演。,,
我的恐怖妻子,2016 / 日本 / 剧情 悬疑 / 三宅喜重 国本雅广 / 伊藤英明 木村佳乃,https://movie.douban.com/subject/26741568/,9.1,4,2016.06.24 《我的恐怖妻子》🌟🌟🌟🌟哈哈哈英镑贬值、日元升值，骗保已经不再是十六亿日元。,,
海底总动员2：多莉去哪儿,2016 / 美国 / 喜剧 动画 冒险 / 安德鲁·斯坦顿 安格斯·麦克莱恩 / 艾伦·德杰尼勒斯 艾伯特·布鲁克斯,https://movie.douban.com/subject/11524967/,7.6,4,2016.06.19 《海底总动员2》🌟🌟🌟🌟哈哈哈哈哈石头上晒太阳的海狮；鲸鲨太美；回声定位太搞笑；看到多莉爸妈用贝壳铺起回家路瞬时泪奔。,,
岁月的童话,1991 / 日本 / 剧情 爱情 动画 / 高畑勋 / 今井美树 柳叶敏郎,https://movie.douban.com/subject/1291588/,8.6,4,2016.11.28 《岁月的童话》🌟🌟🌟🌟“晴天、阴天、下雨天，你更喜欢哪一种天气？”,,
侏罗纪世界,2015 / 美国 / 动作 科幻 冒险 / 科林·特雷沃罗 / 克里斯·帕拉特 布莱丝·达拉斯·霍华德,https://movie.douban.com/subject/10440138/,7.7,3,2015.12.12 《侏罗纪世界》🌟🌟🌟特效很…...骇人。翼龙飞来时的恐惧历历在目。,,
破风,2015 / 中国香港 中国大陆 / 剧情 运动 / 林超贤 / 彭于晏 窦骁,https://movie.douban.com/subject/25853727/,7.3,4,2015.12.12 《破风》🌟🌟🌟🌟公路赛全景很美。沙漠赛里的互助很温情。,,
我的少女时代,2015 / 中国台湾 / 喜剧 爱情 / 陈玉珊 / 宋芸桦 王大陆,https://movie.douban.com/subject/26366465/,7.8,4,2015.12.12 《我的少女时代》🌟🌟🌟🌟看到在小卖店里徐太宇把林真心推向她喜欢的男生时忍不住流泪。,,
回归,2006 / 西班牙 / 喜剧 犯罪 剧情 / 佩德罗·阿莫多瓦 / 佩内洛普·克鲁兹 卡门·毛拉,https://movie.douban.com/subject/1689787/,8.2,4,2015.12.12 《回归》🌟🌟🌟🌟西班牙人很套路的叙事结构，太fuerte。,,
伊娃,2011 / 西班牙 / 剧情 科幻 奇幻 / 凯克·麦罗 / 丹尼尔·布鲁赫 玛尔塔·埃图拉,https://movie.douban.com/subject/3231823/,6.9,4,2015.12.12 《伊娃》🌟🌟🌟🌟如果可以永不知晓。,,
火星救援,2015 / 英国 美国 匈牙利 约旦 / 剧情 科幻 冒险 / 雷德利·斯科特 / 马特·达蒙 杰西卡·查斯坦,https://movie.douban.com/subject/25864085/,8.5,4,2015.12.12 《火星救援》🌟🌟🌟🌟想吃土豆。,,
左耳,2015 / 中国大陆 / 剧情 爱情 / 苏有朋 / 陈都灵 欧豪,https://movie.douban.com/subject/25745752/,5.6,2,2015.12.12 《左耳》🌟🌟杨洋真适合演乖乖校草。,,
我是证人,2015 / 中国大陆 韩国 / 剧情 犯罪 悬疑 / 安相勋 / 杨幂 鹿晗,https://movie.douban.com/subject/26313973/,6.3,3,2015.12.12 《我是证人》🌟🌟🌟最戳中我的是梁聪尤克里里的线索，姐姐的爱与期望、弟弟对姐姐的抱怨和真正面临死亡的恐慌、林冲的安慰和最恒久不息的“姐 快站起来”。弟弟的笑长留，最终小星才能真正有底气对唐峥喊出那句“我和你不一样”啊。,,
亲爱的,2014 / 中国大陆 中国香港 / 剧情 家庭 / 陈可辛 / 黄渤 佟大为,https://movie.douban.com/subject/25798222/,8.4,4,2015.12.12 《亲爱的》🌟🌟🌟🌟看得太难过了。,,
十二公民,2014 / 中国大陆 / 剧情 / 徐昂 / 何冰 韩童生,https://movie.douban.com/subject/24875534/,8.4,3,2015.12.12 《十二公民》🌟🌟🌟冲突好看。,,
滚蛋吧！肿瘤君,2015 / 中国大陆 / 喜剧 爱情 / 韩延 / 白百何 吴彦祖,https://movie.douban.com/subject/26289144/,7.4,3,2015.12.12 《滚蛋吧！肿瘤君》🌟🌟🌟大影节上白百何举着奖杯说：“熊，你看到了吗？”,,
西游记之大圣归来,2015 / 中国大陆 / 剧情 动画 奇幻 / 田晓鹏 / 张磊 林子杰,https://movie.douban.com/subject/26277313/,8.3,4,2015.12.12 《西游记之大圣归来》🌟🌟🌟🌟又好笑又好哭。大圣吃桃儿看起来好香xD,,
烈日灼心,2015 / 中国大陆 / 剧情 犯罪 悬疑 / 曹保平 / 邓超 段奕宏,https://movie.douban.com/subject/24719063/,8.2,3,2015.12.12 《烈日灼心》🌟🌟🌟老段YYDS,,
捉妖记,2015 / 中国大陆 中国香港 / 喜剧 奇幻 古装 / 许诚毅 / 白百何 井柏然,https://movie.douban.com/subject/25723907/,6.7,3,2015.12.12 《捉妖记》🌟🌟🌟胡巴好萌！,,
再见列宁,2003 / 德国 / 剧情 喜剧 / 沃尔夫冈·贝克 / 丹尼尔·布鲁赫 卡特琳·萨斯,https://movie.douban.com/subject/1292055/,8.8,5,2015.12.12 《再见列宁》🌟🌟🌟🌟🌟中学历史老师放的片子。,,
初恋这件小事,2010 / 泰国 / 剧情 喜剧 爱情 / 普特鹏·普罗萨卡·那·萨克那卡林 华森·波克彭 / 平采娜·乐维瑟派布恩 马里奥·毛瑞尔,https://movie.douban.com/subject/4739952/,8.4,3,2015.12.12 《初恋这件小事》🌟🌟🌟小水和学长原来是双向奔赴。,,
星际穿越,2014 / 美国 英国 加拿大 / 剧情 科幻 冒险 / 克里斯托弗·诺兰 / 马修·麦康纳 安妮·海瑟薇,https://movie.douban.com/subject/1889243/,9.4,5,2015.12.12 《星际穿越》🌟🌟🌟🌟🌟看得泪流满面。,,
哈利·波特与魔法石,2001 / 美国 英国 / 奇幻 冒险 / 克里斯·哥伦布 / 丹尼尔·雷德克里夫 艾玛·沃森,https://movie.douban.com/subject/1295038/,9.1,5,2015.12.12 《哈利波特与魔法石》🌟🌟🌟🌟🌟小赫敏真是一本正经得可爱xxxD,,
辩护人,2013 / 韩国 / 剧情 / 杨宇硕 / 宋康昊 金英爱,https://movie.douban.com/subject/21937445/,9.2,5,2015.12.12 《辩护人》🌟🌟🌟🌟🌟法学院一年级时看的电影。2021年9月29日，经历了法学院和国际关系学院七年教育，一年IGO实习，再回头看自己，是否被环境改变了呢？（前）同事兼好友这样对我说，“希望今后尽职尽责、有高尚且纯粹的学术追求同时，也可以保护自己。要擦亮双眼，收获智慧，才能（省略），完成心中最想追求的事业。”,,
熔炉,2011 / 韩国 / 剧情 / 黄东赫 / 孔刘 郑有美,https://movie.douban.com/subject/5912992/,9.3,5,2015.12.12 《熔炉》🌟🌟🌟🌟🌟看得难过又无力。,,
窃听风暴,2006 / 德国 / 剧情 悬疑 / 弗洛里安·亨克尔·冯·多纳斯马尔克 / 乌尔里希·穆埃 马蒂娜·格德克,https://movie.douban.com/subject/1900841/,9.2,5,2015.12.12 《窃听风暴》🌟🌟🌟🌟🌟中学历史老师放的片子。,,
楚门的世界,1998 / 美国 / 剧情 科幻 / 彼得·威尔 / 金·凯瑞 劳拉·琳妮,https://movie.douban.com/subject/1292064/,9.3,4,2015.12.12 《楚门的世界》🌟🌟🌟🌟🌟所以你敢于走出来吗？,,
当幸福来敲门,2006 / 美国 / 剧情 传记 家庭 / 加布里埃莱·穆奇诺 / 威尔·史密斯 贾登·史密斯,https://movie.douban.com/subject/1849031/,9.2,4,2015.12.12 《当幸福来敲门》🌟🌟🌟🌟很治愈。,,
辛德勒的名单,1993 / 美国 / 剧情 历史 战争 / 史蒂文·斯皮尔伯格 / 连姆·尼森 本·金斯利,https://movie.douban.com/subject/1295124/,9.5,5,2015.12.12 《辛德勒的名单》🌟🌟🌟🌟🌟愿世界和平。所有人都不该承受战争的苦痛。,,
阿甘正传,1994 / 美国 / 剧情 爱情 / 罗伯特·泽米吉斯 / 汤姆·汉克斯 罗宾·怀特,https://movie.douban.com/subject/1292720/,9.5,4,2015.12.12 《阿甘正传》🌟🌟🌟🌟跑下去吧。,,
再见列宁,,https://movie.douban.com/subject/1309046/,0.0,5,高中历史自习时全班一起看，记得震撼。,,
夏洛特烦恼,2015 / 中国大陆 / 喜剧 爱情 / 闫非 彭大魔 / 沈腾 马丽,https://movie.douban.com/subject/25964071/,7.7,3,2015.12.12 《夏洛特烦恼》🌟🌟🌟影厅里观众的笑声撑起整部电影的笑点。,,
解救吾先生,2015 / 中国大陆 / 剧情 犯罪 / 丁晟 / 刘德华 刘烨,https://movie.douban.com/subject/25798448/,7.7,3,2015.12.12 《解救吾先生》🌟🌟🌟王千源演得真好。,,
头脑特工队,2015 / 美国 / 喜剧 动画 冒险 / 彼特·道格特 罗纳尔多·德尔·卡门 / 艾米·波勒 菲利丝·史密斯,https://movie.douban.com/subject/10533913/,8.8,4,2015.12.12 《头脑特工队》🌟🌟🌟🌟从Pingpong为了让Joy冲上去自己撤下小旧火车永远留在废弃物开始彻底泪奔。故事的结尾茉莉的情感球不再是单一色彩单一情感，而变成了多种颜色混合、多种情感交汇，感到安慰。,,
小时代2：青木时代,2013 / 中国大陆 中国台湾 / 剧情 喜剧 爱情 / 郭敬明 / 杨幂 柯震东,https://movie.douban.com/subject/24721493/,5.0,2,2013.08.09 《小时代2》🌟🌟和越越一起看完。回家路上脑海里一直是她们一起奔跑。,,